,Real,Imaginario,Map,oReal,oImaginario
0,3.0637656878143464,-0.9650539090311686,9.0,3.0,-1.0
1,-0.9145156852029741,4.923785004503499,6.0,-1.0,3.0
2,1.2742800793764886,2.206066976547799,15.0,1.0,1.0
3,4.597828521523814,-0.649312351887122,9.0,3.0,-1.0
4,-0.37186850863041276,-3.7595721243882725,12.0,1.0,-3.0
5,-1.520736155360479,1.156955130463092,7.0,-1.0,1.0
6,-0.7947343709662944,2.7467640095281047,6.0,-1.0,3.0
7,4.2443549715497575,0.7673306208508226,11.0,3.0,1.0
8,-1.7312133876459943,2.0690518360295327,7.0,-1.0,1.0
9,0.4898240160503118,-3.9244530481802427,4.0,-1.0,-3.0
10,-0.9629461081380695,-0.04229918423353074,7.0,-1.0,1.0
11,2.3954042078661026,-1.7005558243071304,9.0,3.0,-1.0
12,-0.6390043277268447,-4.008439750412992,4.0,-1.0,-3.0
13,-1.5584708793824606,1.6533640714702122,7.0,-1.0,1.0
14,-4.275149312180659,1.324923215956551,3.0,-3.0,1.0
15,0.8904281357975924,2.0995885476242897,14.0,1.0,3.0
16,1.2183072533951371,-0.30634241892950365,13.0,1.0,-1.0
17,-1.5831569732049615,-3.830834200983833,0.0,-3.0,-3.0
18,-0.5199215686667551,0.8985922199964816,7.0,-1.0,1.0
19,-0.7551848397794312,1.2229838040837042,7.0,-1.0,1.0
20,-2.473895392277943,2.400686832500524,7.0,-1.0,1.0
21,-0.5299104485951073,2.8689820310274836,6.0,-1.0,3.0
22,2.19167855642437,0.28912149763605655,13.0,1.0,-1.0
23,-0.841887882606401,-1.1799234298968486,5.0,-1.0,-1.0
24,2.1035541386343373,-1.7586721323106471,13.0,1.0,-1.0
25,1.6008703589667865,-2.086102035885244,13.0,1.0,-1.0
26,-0.6068996162414609,0.69813306609535,7.0,-1.0,1.0
27,2.595747595661374,2.6160863957575424,10.0,3.0,3.0
28,0.3286706843606544,0.292438611257237,5.0,-1.0,-1.0
29,2.9046726768377646,3.0921459354175624,10.0,3.0,3.0
30,2.5533316143294464,4.568935785751704,14.0,1.0,3.0
31,-0.36617453029138725,2.8643226507370088,6.0,-1.0,3.0
32,-2.2982430314644433,-1.8925752072523871,1.0,-3.0,-1.0
33,-0.5933871804327615,-3.0489429151168204,4.0,-1.0,-3.0
34,2.2579340993109387,0.9729521487841382,13.0,1.0,-1.0
35,-1.448085364080936,-3.255275091345759,4.0,-1.0,-3.0
36,-0.43292310548989843,1.8335625329331378,7.0,-1.0,1.0
37,-0.876797557636841,-2.218978877502369,5.0,-1.0,-1.0
38,3.0156577875666377,0.9122031666457731,11.0,3.0,1.0
39,2.364446844428886,0.6823991016244904,15.0,1.0,1.0
40,-0.33155962496120495,0.728975531082972,15.0,1.0,1.0
41,1.0437292413033066,3.74250335437688,14.0,1.0,3.0
42,-3.01252495282023,3.9242638197159336,2.0,-3.0,3.0
43,2.446777946053673,2.433894997924719,11.0,3.0,1.0
44,-3.53121277370109,-4.3268056224189415,0.0,-3.0,-3.0
45,-0.39376255428328966,-2.3744513301433257,12.0,1.0,-3.0
46,-0.8368380455166173,-3.660299416187267,4.0,-1.0,-3.0
47,-2.4054126882087066,-1.16373700703427,1.0,-3.0,-1.0
48,-2.7223503824568205,-4.304257566875283,0.0,-3.0,-3.0
49,-2.1002790274273515,1.4439747859837697,3.0,-3.0,1.0
50,-2.413771694171532,-2.664966989378332,0.0,-3.0,-3.0
51,2.83007296433998,-3.5241399623351075,8.0,3.0,-3.0
52,1.5728282684402441,-3.723133947007677,12.0,1.0,-3.0
53,2.1923931954418476,2.656970846772094,14.0,1.0,3.0
54,0.9157044809648166,-1.6377068132854842,13.0,1.0,-1.0
55,2.888269307538211,-1.7437188081581354,9.0,3.0,-1.0
56,-1.2613748910121054,-1.4112208444971839,5.0,-1.0,-1.0
57,3.14148708261545,-0.865792881243072,9.0,3.0,-1.0
58,-1.037390222791739,-2.6650485921200655,5.0,-1.0,-1.0
59,-3.4015399448716788,-3.2815933414068024,0.0,-3.0,-3.0
60,0.05388267216236464,0.25233891179066026,13.0,1.0,-1.0
61,-3.565195265606972,-0.5450845274712285,1.0,-3.0,-1.0
62,-2.940965700425263,1.5759670529594403,3.0,-3.0,1.0
63,-1.6548957534648883,-3.057955154365254,0.0,-3.0,-3.0
64,0.18306505550801078,-2.8877755501731825,12.0,1.0,-3.0
65,3.0456916117387616,3.3514948015988906,10.0,3.0,3.0
66,-3.5442904241183917,2.8992881185589465,2.0,-3.0,3.0
67,-0.018423562937582405,-3.6348775556437127,4.0,-1.0,-3.0
68,-0.4062683302507475,1.7525990799721387,7.0,-1.0,1.0
69,2.399076396893497,-1.3493895301218592,9.0,3.0,-1.0
70,-0.936589453562638,0.43080139801747264,7.0,-1.0,1.0
71,-2.465071181344504,-2.8790895120274973,0.0,-3.0,-3.0
72,1.6767493177745267,-0.9356384838243332,13.0,1.0,-1.0
73,2.8546477976011855,2.7577337603254715,10.0,3.0,3.0
74,-0.9797323520154972,-3.388243945692038,4.0,-1.0,-3.0
75,3.2517733445592736,-1.1840426381170333,9.0,3.0,-1.0
76,-1.1790428023438957,-1.228243657362816,5.0,-1.0,-1.0
77,3.1063599676231903,-1.4946908744065537,9.0,3.0,-1.0
78,-1.1469453378837826,1.7663227034823525,7.0,-1.0,1.0
79,-0.5823941827761707,-2.756705927370936,4.0,-1.0,-3.0
80,-0.5579771099926554,-2.219318596240698,5.0,-1.0,-1.0
81,1.2453162668503837,-2.0095324457943877,8.0,3.0,-3.0
82,1.3142050311512805,2.8390156743713706,14.0,1.0,3.0
83,3.913291420334144,-0.2469767075169399,9.0,3.0,-1.0
84,2.850636233371621,-2.8964187834274755,8.0,3.0,-3.0
85,2.8644727028373427,3.8324100771736114,10.0,3.0,3.0
86,-4.192844323242648,-1.22634087859554,1.0,-3.0,-1.0
87,2.691219439285092,0.887884897201821,15.0,1.0,1.0
88,3.036949875231407,3.5833320506905664,10.0,3.0,3.0
89,3.2070772708986377,2.2900239265381543,10.0,3.0,3.0
90,-1.0870894362900476,1.9802669383136173,7.0,-1.0,1.0
91,-2.5330371526763638,-0.020508874537158217,1.0,-3.0,-1.0
92,-1.2637401154411667,0.5717796694422477,5.0,-1.0,-1.0
93,-3.07733921344804,0.6562579387009735,3.0,-3.0,1.0
94,3.3116446924584957,2.08213545759521,10.0,3.0,3.0
95,-2.8397305291704744,3.942649116624555,2.0,-3.0,3.0
96,1.5296124129095783,2.1491010021190933,15.0,1.0,1.0
97,0.4656343764329127,2.386958728158196,15.0,1.0,1.0
98,0.11910253468597154,-3.051374548277254,12.0,1.0,-3.0
99,-1.0030790785505468,0.956739406990059,7.0,-1.0,1.0
100,0.40091500365461763,-0.16916804231186655,13.0,1.0,-1.0
101,2.8376712678245464,-1.6815543844154353,9.0,3.0,-1.0
102,0.5826268030589051,-0.437430504697369,15.0,1.0,1.0
103,-3.4178123996778846,1.424659664001048,3.0,-3.0,1.0
104,-4.486102970436277,-4.2792891029662625,0.0,-3.0,-3.0
105,0.8162295704812563,1.6808179395293317,15.0,1.0,1.0
106,3.8030300334047196,0.6678144432404485,11.0,3.0,1.0
107,1.0179595966271537,3.2039486227285314,14.0,1.0,3.0
108,3.4768285648660693,-0.7988184445506081,9.0,3.0,-1.0
109,-3.8430388355288545,-2.1943006627173407,0.0,-3.0,-3.0
110,2.6425591933985735,0.6522807287270217,11.0,3.0,1.0
111,0.6528603911646509,0.8590537267877254,15.0,1.0,1.0
112,0.6404540375498269,-3.0478070634980736,12.0,1.0,-3.0
113,3.115410511911782,-3.0180552226132127,8.0,3.0,-3.0
114,3.512926262402718,-2.887032876186881,8.0,3.0,-3.0
115,0.434496798344815,-2.0997975941029585,12.0,1.0,-3.0
116,-1.6295172580759338,-2.9645019887463904,4.0,-1.0,-3.0
117,-1.7897290217687696,-0.1264035818608532,1.0,-3.0,-1.0
118,1.7185602611750754,-1.1379499352957128,9.0,3.0,-1.0
119,-2.5193907247076774,-3.45016202430636,0.0,-3.0,-3.0
120,-1.813346806574582,4.163978200803923,6.0,-1.0,3.0
121,0.9113631489771141,-0.06514630123276677,13.0,1.0,-1.0
122,-3.7785328232809796,-0.5100864457199448,1.0,-3.0,-1.0
123,1.5793422301690812,-0.435632149639936,13.0,1.0,-1.0
124,1.7635714145744692,-3.439591954334338,12.0,1.0,-3.0
125,2.184075990106513,-0.3970458673734514,13.0,1.0,-1.0
126,-3.01862631524447,0.5128564898495036,3.0,-3.0,1.0
127,4.092434286016513,3.89788680044328,10.0,3.0,3.0
128,1.645238686978952,-3.2124329251571067,12.0,1.0,-3.0
129,1.7033745925829282,-2.681893914931449,12.0,1.0,-3.0
130,2.8739168350235045,-2.8013083858919994,8.0,3.0,-3.0
131,-0.3340479326767902,3.6571101864562707,6.0,-1.0,3.0
132,-2.85100147175885,0.9908140239501229,3.0,-3.0,1.0
133,0.11803865831601557,-2.455729182930111,4.0,-1.0,-3.0
134,-3.939680989252959,3.028437388617391,2.0,-3.0,3.0
135,0.9241415621128298,-2.854784165738044,12.0,1.0,-3.0
136,1.3914610434592145,-3.9661004169990317,8.0,3.0,-3.0
137,1.0507637714057996,-3.477713707451469,12.0,1.0,-3.0
138,-2.116920738088271,-1.2371675602934427,5.0,-1.0,-1.0
139,1.074903865727605,-3.555465141346595,12.0,1.0,-3.0
140,2.100590210444279,0.14384392506715282,9.0,3.0,-1.0
141,1.170778028869722,2.162155643452174,14.0,1.0,3.0
142,2.853115986144589,0.28734892533652345,11.0,3.0,1.0
143,-1.3370403438006913,2.6186404872505653,3.0,-3.0,1.0
144,-1.3659243486164652,-3.119019656391079,4.0,-1.0,-3.0
145,-0.27197584334584934,0.7136525659795823,7.0,-1.0,1.0
146,3.2399081297338412,1.5210031570669829,11.0,3.0,1.0
147,3.1273101658651474,2.622493637001149,10.0,3.0,3.0
148,2.494367307908803,-1.3209445766984325,9.0,3.0,-1.0
149,4.579590470296802,0.46342770781804055,11.0,3.0,1.0
150,-1.935804649280691,3.0824970130775324,2.0,-3.0,3.0
151,3.3132674070870345,2.651566685282398,10.0,3.0,3.0
152,3.219905762549187,2.0172020885181188,11.0,3.0,1.0
153,2.855512115027285,-2.8568568606702467,8.0,3.0,-3.0
154,-3.7021379709484843,-3.1989041549608777,0.0,-3.0,-3.0
155,-0.5033722069762747,-2.966408674530023,4.0,-1.0,-3.0
156,-2.0111061654657263,-2.6929525006923685,0.0,-3.0,-3.0
157,0.4529277721848246,-1.0869249145608373,5.0,-1.0,-1.0
158,0.3648019687583133,0.9456512427578249,7.0,-1.0,1.0
159,-1.0004369122665926,2.7913691460543117,6.0,-1.0,3.0
160,1.6829533240523835,-2.1012059177082207,8.0,3.0,-3.0
161,3.26474104482932,-2.1165441697988676,9.0,3.0,-1.0
162,-2.6608220327297336,0.30232633458998137,1.0,-3.0,-1.0
163,-0.7055968812114677,3.0313877963949274,6.0,-1.0,3.0
164,-2.1711335932200644,2.230433250453748,3.0,-3.0,1.0
165,1.3732793984869789,0.8674517394390623,15.0,1.0,1.0
166,1.3531427231031057,-2.792403612449859,12.0,1.0,-3.0
167,1.8909605782627439,3.500857700323561,10.0,3.0,3.0
168,-2.862373403011286,-3.7304685479628317,0.0,-3.0,-3.0
169,-3.4253655361369586,-3.822508270825159,0.0,-3.0,-3.0
170,2.8392617072110853,-2.3694003203723013,9.0,3.0,-1.0
171,1.5726856448742896,-1.3932364622935627,9.0,3.0,-1.0
172,-0.42600974718719986,4.349012704047432,6.0,-1.0,3.0
173,3.199017499712929,2.0383360051653967,10.0,3.0,3.0
174,1.4666115385478076,-1.8576570350121318,13.0,1.0,-1.0
175,4.165303447685369,-2.193828044600142,8.0,3.0,-3.0
176,1.178425886178872,-1.1685517890718742,13.0,1.0,-1.0
177,0.18640862736182118,1.208886407772874,15.0,1.0,1.0
178,1.2789105284112665,-2.693689180786321,12.0,1.0,-3.0
179,1.9395862087579194,1.6593160127290618,11.0,3.0,1.0
180,-1.5416073552274892,2.5419624373089293,6.0,-1.0,3.0
181,-1.66477775925796,-1.0749801133203913,7.0,-1.0,1.0
182,3.798552118664401,2.058857922199431,11.0,3.0,1.0
183,-2.6830799126416327,-0.26461086100155506,1.0,-3.0,-1.0
184,-2.8208037924459886,-3.6849101809718703,0.0,-3.0,-3.0
185,3.387184133318239,-1.455219401575466,8.0,3.0,-3.0
186,1.0717281283685551,-0.1357666718552969,13.0,1.0,-1.0
187,0.9106508880274007,2.7716395664484823,14.0,1.0,3.0
188,-0.3254829334534415,-2.0748857257905655,13.0,1.0,-1.0
189,-0.5492721133985321,3.5095756618690332,6.0,-1.0,3.0
190,0.21852170150528671,-2.64466621601863,4.0,-1.0,-3.0
191,-3.921636527564177,-1.127967043407081,1.0,-3.0,-1.0
192,-1.668326238460347,-0.011627955504981857,7.0,-1.0,1.0
193,1.8263324342189347,2.196397855081831,15.0,1.0,1.0
194,0.57526819793283,0.9243499586875948,7.0,-1.0,1.0
195,-0.6883650121676722,0.2912053622502204,7.0,-1.0,1.0
196,1.3985367039736285,0.1583984619525527,13.0,1.0,-1.0
197,-1.537954639325584,1.3893815101021931,7.0,-1.0,1.0
198,3.2483939722041417,-3.1751098466572936,8.0,3.0,-3.0
199,-0.9718619175417303,2.2292819039679657,6.0,-1.0,3.0
200,-2.1278657358209045,-3.920074825905207,0.0,-3.0,-3.0
201,2.538427035376171,0.5706980969826636,11.0,3.0,1.0
202,2.4108882449339593,0.4091104092150566,11.0,3.0,1.0
203,2.957901503888274,2.502056930505196,10.0,3.0,3.0
204,1.9138889484655663,3.9593471891557757,10.0,3.0,3.0
205,3.394425709871351,4.145886584373912,10.0,3.0,3.0
206,2.266879533953932,0.8968863638408643,11.0,3.0,1.0
207,2.0693462786879993,3.248040935915587,14.0,1.0,3.0
208,3.518299084474553,1.449507082569867,10.0,3.0,3.0
209,-2.6787392045481746,0.004499302242802816,1.0,-3.0,-1.0
210,-2.818144652805551,2.182120784509863,2.0,-3.0,3.0
211,1.0344617778064442,1.2106481417906987,15.0,1.0,1.0
212,-3.30628481914903,3.9502870475408267,2.0,-3.0,3.0
213,2.2158256084013583,-2.5195346468857456,12.0,1.0,-3.0
214,-0.4703156459641482,-1.2821359099189344,13.0,1.0,-1.0
215,-1.1799378400406977,1.3306504063193936,7.0,-1.0,1.0
216,-0.264907257857647,-2.1657265756945208,5.0,-1.0,-1.0
217,-0.534431138776843,2.8878841363250984,6.0,-1.0,3.0
218,1.0914274124108092,3.310498496865114,14.0,1.0,3.0
219,-2.7592658112761455,4.566321373426632,2.0,-3.0,3.0
220,4.583364671326437,-3.997987336589241,8.0,3.0,-3.0
221,1.4019593869192872,3.6216629628477586,14.0,1.0,3.0
222,2.671948255433294,-1.8351908678906226,8.0,3.0,-3.0
223,0.27857559078087935,3.04413666804432,6.0,-1.0,3.0
224,-2.4366136535293665,-2.982592511352383,0.0,-3.0,-3.0
225,3.934165720938951,-2.8341007707395276,8.0,3.0,-3.0
226,-2.4655902094589583,-0.7862151838944214,1.0,-3.0,-1.0
227,3.7066774877631152,1.5973437669588846,10.0,3.0,3.0
228,-1.053215417096315,4.0920597907565135,6.0,-1.0,3.0
229,-1.3114773137910616,2.621441945420802,6.0,-1.0,3.0
230,-1.3882628699440132,1.5726009338546296,6.0,-1.0,3.0
231,-0.8511036041612585,1.1988924400169487,7.0,-1.0,1.0
232,1.0849847756058533,-3.5099021358099547,12.0,1.0,-3.0
233,3.268175594836331,3.1561595092671473,10.0,3.0,3.0
234,-2.217363806793589,0.26846339901787386,3.0,-3.0,1.0
235,2.8347775133114546,3.7609548925103073,10.0,3.0,3.0
236,-2.179926287945417,-1.3686789035522797,5.0,-1.0,-1.0
237,0.03950441374875446,-3.585848049833511,12.0,1.0,-3.0
238,-2.6529021876706533,0.8910222090153002,3.0,-3.0,1.0
239,1.3904758629332767,-3.0107302292953655,12.0,1.0,-3.0
240,3.514340699349687,1.939037031794716,11.0,3.0,1.0
241,1.6711641784002118,2.9352980109111493,10.0,3.0,3.0
242,0.6045877199401744,2.8593595470818687,14.0,1.0,3.0
243,2.9193446993676364,-3.5696287974146923,8.0,3.0,-3.0
244,-3.7724554085592064,1.0834191600132734,3.0,-3.0,1.0
245,4.012490162951753,-1.4322054001378923,9.0,3.0,-1.0
246,0.02566151088498758,-1.6636972627956956,5.0,-1.0,-1.0
247,3.528724541037583,3.1840963416921015,10.0,3.0,3.0
248,0.5188888696827628,-0.8828208741265466,13.0,1.0,-1.0
249,2.110018079295184,-3.692866463064253,12.0,1.0,-3.0
250,0.14687761082139983,-3.3163529464382986,12.0,1.0,-3.0
251,-1.2805638579706418,-1.1706070757636933,5.0,-1.0,-1.0
252,-1.8971538020666912,1.8988958537436398,6.0,-1.0,3.0
253,-1.6047367846096796,2.829029433666772,6.0,-1.0,3.0
254,2.420217393443335,2.5712808790130395,10.0,3.0,3.0
255,3.948318493845542,2.6412651406143173,10.0,3.0,3.0
256,3.416248306303066,-1.0118870814914271,9.0,3.0,-1.0
257,-2.7181680325962096,-1.6449998099132086,1.0,-3.0,-1.0
258,1.5795018989553284,-0.34768719355209776,13.0,1.0,-1.0
259,-1.059480249511149,2.5922019292789655,6.0,-1.0,3.0
260,-0.5558396530904441,0.5473338427051673,15.0,1.0,1.0
261,3.15834318290448,-4.163922661343319,8.0,3.0,-3.0
262,2.878287612510622,-2.928134776819944,8.0,3.0,-3.0
263,-3.2037061776814713,2.0646052968467394,2.0,-3.0,3.0
264,-2.817039764435726,2.445557649422239,2.0,-3.0,3.0
265,1.354321623326439,3.485918097215114,14.0,1.0,3.0
266,-3.1198565847607598,1.2367713983249822,3.0,-3.0,1.0
267,2.262907929936588,1.620644399640717,10.0,3.0,3.0
268,-1.2453766857230417,-2.841518177042127,4.0,-1.0,-3.0
269,3.23831341475523,0.05295430197165851,9.0,3.0,-1.0
270,-1.738316535467796,-2.180269915530735,4.0,-1.0,-3.0
271,-0.7923270798970492,0.3749981842813397,5.0,-1.0,-1.0
272,-0.5320684644524512,3.009851471762983,6.0,-1.0,3.0
273,2.4059796688058994,1.7622148968248155,11.0,3.0,1.0
274,0.3455207118209265,-4.009965807856209,12.0,1.0,-3.0
275,-2.149456927115224,2.9083699806077075,2.0,-3.0,3.0
276,-3.788438485099107,1.034346954292885,3.0,-3.0,1.0
277,-2.095751799011972,4.140602939231824,6.0,-1.0,3.0
278,0.48060416010896145,-2.832653620538342,12.0,1.0,-3.0
279,3.0999994234494297,-2.961408562085398,8.0,3.0,-3.0
280,-0.8937602736332234,2.9975462950328056,6.0,-1.0,3.0
281,-2.7074001757781034,3.018756102498232,2.0,-3.0,3.0
282,2.8601319936340035,3.178310972860971,14.0,1.0,3.0
283,-3.2066825821884324,3.948889730426195,2.0,-3.0,3.0
284,0.12023442217415714,0.11711966333496338,13.0,1.0,-1.0
285,0.3923186160852177,1.2939132782071259,15.0,1.0,1.0
286,-1.3633290492611785,-3.1524815363238545,4.0,-1.0,-3.0
287,-1.0920758450317316,1.178143552472014,7.0,-1.0,1.0
288,2.4317073243938996,-0.35165097812953083,9.0,3.0,-1.0
289,-3.314076422261213,-1.8533909850534684,0.0,-3.0,-3.0
290,2.5763603255868444,1.3564758332629892,11.0,3.0,1.0
291,-0.7826298931041415,1.658459844876662,6.0,-1.0,3.0
292,-3.802068943339121,-2.9539273121687053,0.0,-3.0,-3.0
293,0.36369212482649704,3.643837353656473,14.0,1.0,3.0
294,2.4287159162688927,-1.286841819005903,9.0,3.0,-1.0
295,-0.2986127577525062,-4.125052246732546,4.0,-1.0,-3.0
296,1.7824852768191994,2.059413831848291,15.0,1.0,1.0
297,-0.26163748378570895,-4.233701065573356,12.0,1.0,-3.0
298,-2.946865580558805,2.6785852505825702,2.0,-3.0,3.0
299,2.615040998861148,-1.4342902409725242,9.0,3.0,-1.0
300,1.7178503263394596,0.40856801464764003,15.0,1.0,1.0
301,-3.349748356696729,-4.822507224416576,0.0,-3.0,-3.0
302,-3.218196744814146,-4.334287268512412,0.0,-3.0,-3.0
303,3.0514105873068007,-3.391665965961723,8.0,3.0,-3.0
304,1.2315785236248953,-0.6858309188442806,5.0,-1.0,-1.0
305,-2.986034815098595,3.3554391388203118,2.0,-3.0,3.0
306,-2.844521592115448,4.237352402910915,2.0,-3.0,3.0
307,1.2198396695995282,0.8978736289615434,11.0,3.0,1.0
308,3.17899822245255,-1.132260422876999,9.0,3.0,-1.0
309,0.9229515173416174,3.569146524334623,14.0,1.0,3.0
310,-2.498393187653276,-2.541407792112517,0.0,-3.0,-3.0
311,-2.3731708769197937,-1.6594684384000902,1.0,-3.0,-1.0
312,3.8751379049963166,1.554430851006668,11.0,3.0,1.0
313,3.510630974799178,1.0897373610849501,11.0,3.0,1.0
314,-2.961137741074501,-4.592500638208843,0.0,-3.0,-3.0
315,1.1206324130045786,-1.0556249758061507,13.0,1.0,-1.0
316,1.0388075596113768,-1.4212744358561975,9.0,3.0,-1.0
317,4.288094127667531,-2.4208663225619302,8.0,3.0,-3.0
318,-1.5798668291587936,1.800823543081603,6.0,-1.0,3.0
319,-2.374697534309079,2.582132013245138,2.0,-3.0,3.0
320,0.37223124403223573,-3.5281569720756556,12.0,1.0,-3.0
321,0.966238140800892,-3.22182363056104,12.0,1.0,-3.0
322,0.8889688803292224,-0.042776390613213255,15.0,1.0,1.0
323,-2.77175366270007,-0.3826200205082816,1.0,-3.0,-1.0
324,-2.1733868162884615,-0.6494396963294996,1.0,-3.0,-1.0
325,2.9374328927846514,1.2941643974188604,11.0,3.0,1.0
326,3.736642376797702,0.1236492650197738,9.0,3.0,-1.0
327,-1.4325321706015615,-3.7533603600239545,4.0,-1.0,-3.0
328,-1.1099422162106638,0.03428789733583093,1.0,-3.0,-1.0
329,-3.5434393062476484,-2.172809487846602,0.0,-3.0,-3.0
330,3.34276187052245,0.5997070354960679,11.0,3.0,1.0
331,-2.4625095498433764,1.3174556847463665,3.0,-3.0,1.0
332,3.4985565887876136,0.7042918620070335,11.0,3.0,1.0
333,-0.46808835876958677,2.547316145899027,14.0,1.0,3.0
334,-3.3943592447198685,0.9014844441422779,3.0,-3.0,1.0
335,3.138994961509458,1.1338056681146924,11.0,3.0,1.0
336,3.717902415926516,0.796976501445237,11.0,3.0,1.0
337,1.074964590048723,-0.7544056872333507,13.0,1.0,-1.0
338,2.4057229288290154,2.0205451447093465,10.0,3.0,3.0
339,-1.485158776356801,1.1330349641097355,7.0,-1.0,1.0
340,3.753139175899821,0.9522534349845857,11.0,3.0,1.0
341,3.1097815098968282,0.40589320422341546,11.0,3.0,1.0
342,3.738673841609101,3.565428198976729,10.0,3.0,3.0
343,3.8382788248634485,-1.4231043824577365,9.0,3.0,-1.0
344,2.9696466398513963,-2.823130994247278,8.0,3.0,-3.0
345,-3.2959445825989278,2.7612803906026415,2.0,-3.0,3.0
346,1.409900763836416,2.9254458787029565,14.0,1.0,3.0
347,0.1811738855442342,-1.5310319925384812,5.0,-1.0,-1.0
348,-1.7589286871773786,-2.2938298608188417,4.0,-1.0,-3.0
349,0.6832153619746336,3.618275270791649,14.0,1.0,3.0
350,1.2127927495448847,-2.8514666257313506,12.0,1.0,-3.0
351,-1.2280242074533307,-2.4174464145245906,4.0,-1.0,-3.0
352,-0.6396020140959833,-2.7177618619496435,4.0,-1.0,-3.0
353,-2.1775670221335246,3.114543108402428,2.0,-3.0,3.0
354,-1.4355797326767588,-3.2436155477828836,4.0,-1.0,-3.0
355,3.3037688314461127,1.921342313018968,11.0,3.0,1.0
356,2.748678473884556,0.7936403821050149,11.0,3.0,1.0
357,3.0750147538000423,-2.3937300083070365,8.0,3.0,-3.0
358,-2.8084019493795593,-1.9297527749269245,1.0,-3.0,-1.0
359,2.2683966325299947,1.7322423360273556,11.0,3.0,1.0
360,4.451893955436919,0.2074949854275714,9.0,3.0,-1.0
361,-0.9166882125441181,-2.790154918604758,4.0,-1.0,-3.0
362,0.9486807029563094,-3.5814294046465296,12.0,1.0,-3.0
363,-0.6288929853049989,-3.777014027947751,4.0,-1.0,-3.0
364,3.0791932160590436,2.9768593872241134,10.0,3.0,3.0
365,-1.570452986889815,-2.0752214790664647,4.0,-1.0,-3.0
366,-2.9578118525451997,0.3966680459824691,3.0,-3.0,1.0
367,-0.6849435176316537,2.510373916463879,6.0,-1.0,3.0
368,3.188013465405224,1.127246954506947,11.0,3.0,1.0
369,0.8207820493278082,0.3600329435966926,15.0,1.0,1.0
370,-3.0831035381466116,-1.708799000601792,1.0,-3.0,-1.0
371,-4.009968103979543,1.4974953566773546,3.0,-3.0,1.0
372,-3.9100645514420904,1.6087464431806922,3.0,-3.0,1.0
373,0.024702516622905124,2.983568403377646,14.0,1.0,3.0
374,3.1912146389159686,2.163589291974705,10.0,3.0,3.0
375,3.853877274863885,-0.22976765909538277,11.0,3.0,1.0
376,0.7608534028065772,-0.7130014523491837,13.0,1.0,-1.0
377,-2.1498880927978465,2.2619696648569563,3.0,-3.0,1.0
378,-1.9089662575988533,-0.1474745735738232,7.0,-1.0,1.0
379,-0.5596468943135372,3.5955829818257357,6.0,-1.0,3.0
380,2.4356792059050827,-0.7126547362162563,9.0,3.0,-1.0
381,1.8445736278501914,0.9876738154549711,15.0,1.0,1.0
382,3.858308794450423,-1.1109514971965657,9.0,3.0,-1.0
383,1.0235544570478698,0.4917295853446937,13.0,1.0,-1.0
384,3.778986972830041,2.7088590488540647,10.0,3.0,3.0
385,4.5513298271063976,0.4191836149497359,9.0,3.0,-1.0
386,-3.834919583489427,3.3023491035955534,2.0,-3.0,3.0
387,2.331190624110097,-3.5281636759283876,8.0,3.0,-3.0
388,-0.808377366424026,1.5946708249580492,7.0,-1.0,1.0
389,-1.7880322590127784,-2.0593477333313244,0.0,-3.0,-3.0
390,-1.685174601864912,1.140542757148281,7.0,-1.0,1.0
391,2.0462106203948878,-1.8553455092013984,8.0,3.0,-3.0
392,3.4142638794622977,-0.4957565497723423,9.0,3.0,-1.0
393,-2.421753936193129,1.6393617903593483,3.0,-3.0,1.0
394,1.2797572891643059,1.9074003044864876,15.0,1.0,1.0
395,1.5182878803958895,2.2040519986513556,14.0,1.0,3.0
396,1.8463141807944403,-1.6499471117430309,9.0,3.0,-1.0
397,1.5351394898439377,-0.5709940874685182,13.0,1.0,-1.0
398,-0.6126431423823037,0.5975669726421327,7.0,-1.0,1.0
399,4.338707932511186,-0.5034129789399924,11.0,3.0,1.0
400,2.4036132747692482,2.691292171861112,10.0,3.0,3.0
401,-2.8370007024678046,-0.5029218087603715,3.0,-3.0,1.0
402,1.625395240180644,1.5714641405780048,15.0,1.0,1.0
403,-1.7026730507132681,4.45565088192218,6.0,-1.0,3.0
404,-2.2848555052176067,-1.8032214274164877,5.0,-1.0,-1.0
405,3.211232135630841,-1.0651368832271213,12.0,1.0,-3.0
406,1.781224802889962,-0.11273653498286818,13.0,1.0,-1.0
407,-3.481620199503018,0.7260897478972805,3.0,-3.0,1.0
408,3.3398661114994317,3.293797136354117,10.0,3.0,3.0
409,-3.7074331263032283,-1.5795771166155284,1.0,-3.0,-1.0
410,-1.4625647429726563,-3.2006852005807844,4.0,-1.0,-3.0
411,2.611923192310466,-1.5237310400175208,9.0,3.0,-1.0
412,2.345392312355225,-0.7819582165121497,13.0,1.0,-1.0
413,-2.8920765009337384,-2.9601150328002745,0.0,-3.0,-3.0
414,3.6668207097102887,-3.1280820899778847,8.0,3.0,-3.0
415,-3.9258129803563797,2.5153056109838636,3.0,-3.0,1.0
416,2.6294388060545515,-0.4646168094142843,9.0,3.0,-1.0
417,-1.0576920740491982,2.793430511959155,6.0,-1.0,3.0
418,-2.1330103389560016,-2.986609835728583,0.0,-3.0,-3.0
419,-1.201128430140325,-1.647780038634999,4.0,-1.0,-3.0
420,-1.0671107297071971,-1.5303755351672748,5.0,-1.0,-1.0
421,-0.198107012225603,-1.4742937117023076,13.0,1.0,-1.0
422,1.082361196345774,-1.759459353823201,8.0,3.0,-3.0
423,2.8270975147368973,-2.9837158902019114,8.0,3.0,-3.0
424,2.391257188163043,-2.344870852657278,8.0,3.0,-3.0
425,3.6939300127003163,2.6970915240636084,10.0,3.0,3.0
426,-1.298945261751017,-0.597159686389249,5.0,-1.0,-1.0
427,-1.0850295899898903,0.6635186842076404,7.0,-1.0,1.0
428,2.556619203063618,-0.3834611771981752,9.0,3.0,-1.0
429,-0.9739970278324415,3.521394717145453,6.0,-1.0,3.0
430,3.2741101949688605,3.9146488215014603,10.0,3.0,3.0
431,-2.7327992409947597,0.9018248313651509,3.0,-3.0,1.0
432,2.718410166292054,-3.0779613663113023,8.0,3.0,-3.0
433,-3.6071720205949434,4.406185287840165,2.0,-3.0,3.0
434,1.565318662265068,0.29388720399398827,15.0,1.0,1.0
435,0.6221299416378671,0.11324841480688719,15.0,1.0,1.0
436,-2.5239785092693,-0.03741765964510746,3.0,-3.0,1.0
437,1.3765992895304628,0.6469330107179687,15.0,1.0,1.0
438,-3.270841905547394,2.560980684364667,2.0,-3.0,3.0
439,2.037945274000214,-3.3878315753984953,8.0,3.0,-3.0
440,0.4719983782846596,-0.4428618160415627,13.0,1.0,-1.0
441,0.8932474198005897,3.2627418720687844,14.0,1.0,3.0
442,-1.1309927146268552,-3.6404656201948002,4.0,-1.0,-3.0
443,-3.2301966455026823,2.671508830864858,2.0,-3.0,3.0
444,-1.164708131240309,3.549575860524042,6.0,-1.0,3.0
445,1.644319485982227,0.4975375821274509,15.0,1.0,1.0
446,2.5156439896235456,3.2557335704421706,10.0,3.0,3.0
447,2.9934309070308207,-0.4597230783709374,9.0,3.0,-1.0
448,0.7265130826378389,0.945451882443803,15.0,1.0,1.0
449,-2.9846757404338757,0.7415541354115853,3.0,-3.0,1.0
450,0.5711575886560718,-1.444651125112104,13.0,1.0,-1.0
451,1.621041926538177,-3.073250372550579,8.0,3.0,-3.0
452,1.2221030743250318,0.7202623626800555,15.0,1.0,1.0
453,-1.2744684244478972,-2.5132294895943925,5.0,-1.0,-1.0
454,-3.938741485249583,1.0244731366079531,3.0,-3.0,1.0
455,1.1676933939614909,0.3092698636423278,15.0,1.0,1.0
456,2.086969276555953,-2.7789111674729687,12.0,1.0,-3.0
457,0.6256374634245871,-2.0936761966826705,12.0,1.0,-3.0
458,-1.215539939594885,2.7396771688490658,6.0,-1.0,3.0
459,-1.4619893475011703,-3.772775745270244,4.0,-1.0,-3.0
460,-2.638852077736191,1.8135409419151105,2.0,-3.0,3.0
461,2.4695134547935202,-4.405721240215772,8.0,3.0,-3.0
462,0.8039820132320459,-2.5287833758524614,12.0,1.0,-3.0
463,0.4575396217698523,1.6555879769332358,14.0,1.0,3.0
464,-1.4852861926947254,-1.1741968518542756,5.0,-1.0,-1.0
465,-0.593461749913193,2.720863862290568,6.0,-1.0,3.0
466,0.2144056785887024,3.901993189999911,14.0,1.0,3.0
467,1.3468222042132885,-3.2469663531423265,12.0,1.0,-3.0
468,2.9931153949245766,-1.2489207446823924,9.0,3.0,-1.0
469,-3.102774726978617,-3.4841523312225986,0.0,-3.0,-3.0
470,3.954458683446319,3.7213113256769854,10.0,3.0,3.0
471,1.9961439098229796,-2.3947362839208637,8.0,3.0,-3.0
472,-1.2453835276649725,-3.6440933315195294,4.0,-1.0,-3.0
473,-0.3836696572317835,-2.175608901804971,5.0,-1.0,-1.0
474,3.5718406168478256,1.2580165517610131,11.0,3.0,1.0
475,-1.8326439791527587,1.7014751373569292,6.0,-1.0,3.0
476,3.7985193409366875,-0.2096928843681728,9.0,3.0,-1.0
477,3.5045824698696286,-2.7077027612858178,8.0,3.0,-3.0
478,-3.595471297190231,-0.39319874415182254,1.0,-3.0,-1.0
479,-1.732063793975882,-0.35858154529622654,5.0,-1.0,-1.0
480,0.5277181862664566,-3.1009843650973274,12.0,1.0,-3.0
481,0.5577483429955474,2.904516680291152,14.0,1.0,3.0
482,-0.2118397915429,4.057610488639939,14.0,1.0,3.0
483,-4.101233482447055,-2.652651869749255,0.0,-3.0,-3.0
484,0.2959476181414197,-0.8621522467237597,13.0,1.0,-1.0
485,0.48537139655645045,3.3607066521672624,14.0,1.0,3.0
486,3.182433755324266,1.0907406494774021,11.0,3.0,1.0
487,-0.16947790904701465,-2.835042830084543,12.0,1.0,-3.0
488,-1.5777216973394745,-3.457574797883602,4.0,-1.0,-3.0
489,-1.3322213477120146,1.4652110118888815,3.0,-3.0,1.0
490,3.138545436202951,-2.877100407282034,8.0,3.0,-3.0
491,-0.13949294054038963,-3.990023595582409,4.0,-1.0,-3.0
492,-4.246843777605081,1.3739857102036628,3.0,-3.0,1.0
493,-0.8692612471003545,-3.921574737140831,4.0,-1.0,-3.0
494,2.6962418013795815,2.4497779641880664,10.0,3.0,3.0
495,1.609524438638939,-3.745214048264395,8.0,3.0,-3.0
496,-0.9927161604691933,-1.3121492750019264,5.0,-1.0,-1.0
497,1.7403699853993961,-4.1311908513856315,12.0,1.0,-3.0
498,-3.17194510890829,3.298766329071978,2.0,-3.0,3.0
499,2.1253603910582815,2.122368509471325,10.0,3.0,3.0
500,-3.304695409184741,3.1334643262472266,2.0,-3.0,3.0
501,-3.9076296242566957,1.4745738996666593,3.0,-3.0,1.0
502,-0.46529622161302364,-0.8469502872812612,5.0,-1.0,-1.0
503,0.4681236360205068,1.0706888955523508,15.0,1.0,1.0
504,-2.5001123085853543,-1.4344050373906208,1.0,-3.0,-1.0
505,2.8126352485950994,3.504180580412809,10.0,3.0,3.0
506,1.4947723786854192,0.6650270625670973,13.0,1.0,-1.0
507,2.3067640765682222,-1.448750003175011,9.0,3.0,-1.0
508,1.776410565780344,-1.5425710247696753,13.0,1.0,-1.0
509,-3.68091982739827,0.18542135916577585,1.0,-3.0,-1.0
510,0.9166127631325538,-3.817923277653892,12.0,1.0,-3.0
511,-2.3378418911834684,-1.0375420935733506,1.0,-3.0,-1.0
512,-1.8355338024197407,-0.6809106922693822,1.0,-3.0,-1.0
513,2.7662266981680537,-3.2208786487570378,8.0,3.0,-3.0
514,0.12675119044860994,2.6154442455291433,15.0,1.0,1.0
515,3.8710682857205816,-4.0584813858220645,8.0,3.0,-3.0
516,2.21279741254915,2.8058505900730406,14.0,1.0,3.0
517,3.6556950818527265,-1.3541820785802452,9.0,3.0,-1.0
518,-3.5071787345088703,0.5980606903100795,3.0,-3.0,1.0
519,1.8138061533238963,0.8619446462246301,15.0,1.0,1.0
520,-3.5209899924492123,-4.0345989985166275,0.0,-3.0,-3.0
521,-3.5998858591958194,-2.49748482502057,0.0,-3.0,-3.0
522,1.961773071559822,2.2963538269513983,14.0,1.0,3.0
523,-0.1841610490369615,-0.8893094890601856,5.0,-1.0,-1.0
524,3.353710203865622,2.3309118654012964,10.0,3.0,3.0
525,-0.8935862408165478,0.21079465329161362,7.0,-1.0,1.0
526,-2.4264042756886157,-3.20033883928774,0.0,-3.0,-3.0
527,3.7918470107561353,-0.8042775243465905,9.0,3.0,-1.0
528,-0.03711792769234856,-0.2299323308441672,15.0,1.0,1.0
529,2.9416078473327945,-0.9595287294761105,9.0,3.0,-1.0
530,1.9525198252186622,0.6547213101927628,11.0,3.0,1.0
531,-2.7329860293013946,0.5363195581195104,3.0,-3.0,1.0
532,-1.538487672645589,-3.790418741531705,4.0,-1.0,-3.0
533,-2.0408088251789596,0.17690112039732608,7.0,-1.0,1.0
534,2.3754996749906176,0.3167767195367055,9.0,3.0,-1.0
535,2.9195824993556867,1.5699832129886375,11.0,3.0,1.0
536,-0.42228779795165106,-2.5321082528208607,12.0,1.0,-3.0
537,-2.4186406085720016,-2.409726595678685,0.0,-3.0,-3.0
538,-2.8140068326436394,-2.4926275497662775,0.0,-3.0,-3.0
539,2.5773077445116885,-1.8789870088617577,9.0,3.0,-1.0
540,-3.8256085706972334,2.3317691216420315,2.0,-3.0,3.0
541,-0.6881505678018185,-2.083374658016086,4.0,-1.0,-3.0
542,-0.4455056948800924,3.30976129059505,6.0,-1.0,3.0
543,-1.9382392720702546,-0.8741732304886837,1.0,-3.0,-1.0
544,-2.7371598014588447,-2.508278771400325,0.0,-3.0,-3.0
545,-1.3141147798735486,-0.9572022096458054,5.0,-1.0,-1.0
546,2.4837099711635684,1.4786951857226913,11.0,3.0,1.0
547,0.1122976101790304,0.4781472432311118,15.0,1.0,1.0
548,-2.1562686338451553,2.3493249510908054,2.0,-3.0,3.0
549,-2.0737437207780682,-1.7804945084990436,0.0,-3.0,-3.0
550,1.4658304998569527,-1.9648893015716733,8.0,3.0,-3.0
551,-2.958395523252866,0.7080496326456023,3.0,-3.0,1.0
552,0.6292682885062091,-1.0169758349932045,13.0,1.0,-1.0
553,-3.4323744522245487,0.9183536901989142,3.0,-3.0,1.0
554,2.8654461927791326,-1.7914936815591902,13.0,1.0,-1.0
555,2.2633051704417357,1.1922085819983819,11.0,3.0,1.0
556,0.6753407551808166,-1.0522420326039295,13.0,1.0,-1.0
557,-2.905394339416664,1.0245858932390874,3.0,-3.0,1.0
558,4.246965862137434,4.052463655387218,10.0,3.0,3.0
559,-1.0819297582855765,1.236706404913215,7.0,-1.0,1.0
560,0.3893241369217487,-3.9220830834162874,12.0,1.0,-3.0
561,-1.7916615070782562,-0.12771681564586634,3.0,-3.0,1.0
562,-2.116862383484428,2.6511968403695607,3.0,-3.0,1.0
563,3.820290172247556,-1.7499620141711474,9.0,3.0,-1.0
564,1.8765820851777728,0.625572980931836,15.0,1.0,1.0
565,-1.1558611340023666,-1.2231744885439884,5.0,-1.0,-1.0
566,-4.046059622705703,1.1131878594822195,3.0,-3.0,1.0
567,1.7795688582856513,-0.5704218642401097,13.0,1.0,-1.0
568,0.2662796846770823,1.7298943575434333,15.0,1.0,1.0
569,-0.4906498465920063,-1.0951707873063472,5.0,-1.0,-1.0
570,1.2495427518234827,1.5274725795648425,14.0,1.0,3.0
571,-0.9449597902006508,0.28798187367414685,5.0,-1.0,-1.0
572,0.3419500352764199,2.8862836744832547,14.0,1.0,3.0
573,0.015195247375124343,-0.24006558986710647,15.0,1.0,1.0
574,-2.057218819357421,-0.9021857998498262,5.0,-1.0,-1.0
575,2.699174378448344,-1.5555944936290997,9.0,3.0,-1.0
576,0.6748954574000186,-4.545804040363177,12.0,1.0,-3.0
577,1.0957921470698815,2.579326014353723,14.0,1.0,3.0
578,-2.709729731110495,-1.8394504967386331,1.0,-3.0,-1.0
579,-1.7855909053592622,3.2745744703825346,6.0,-1.0,3.0
580,0.8556525164248847,0.31162987088742233,15.0,1.0,1.0
581,-3.7749678022417235,-2.1422934978890105,0.0,-3.0,-3.0
582,-3.9313095770252855,-2.5791948557267985,0.0,-3.0,-3.0
583,1.3244483782727237,-3.8035765351157247,12.0,1.0,-3.0
584,3.1342714816364334,-1.9272042783010597,9.0,3.0,-1.0
585,-2.828864716149296,-2.8234897977584974,0.0,-3.0,-3.0
586,0.6736340647622451,-2.0924754145354374,12.0,1.0,-3.0
587,2.1894837780141385,-2.8838211581095674,8.0,3.0,-3.0
588,-1.9702826712520607,4.268086676565605,2.0,-3.0,3.0
589,2.3155769186548603,-2.3948006184408257,8.0,3.0,-3.0
590,-0.9400891125240087,2.2120138098278583,7.0,-1.0,1.0
591,-2.9502390244108767,-1.0645227578584249,1.0,-3.0,-1.0
592,-3.4269453791500646,0.576474206065267,3.0,-3.0,1.0
593,-1.5396616146629434,-3.341322777728199,0.0,-3.0,-3.0
594,-0.5525608490152576,2.2456732599611744,6.0,-1.0,3.0
595,-0.14723885864256725,1.252395225972138,15.0,1.0,1.0
596,2.7825031036407384,-3.379941240375259,8.0,3.0,-3.0
597,2.1563939804142556,3.0954099606282974,14.0,1.0,3.0
598,3.7920127058936197,2.3786066448282335,10.0,3.0,3.0
599,-2.7994548718868772,-3.194908189864191,0.0,-3.0,-3.0
600,1.8647851836802984,-3.1620270412669975,12.0,1.0,-3.0
601,-0.4170694964873094,-1.447597030007497,13.0,1.0,-1.0
602,-2.4671190416633593,-3.682702498010771,4.0,-1.0,-3.0
603,0.5805930498446304,3.3433175717549366,14.0,1.0,3.0
604,3.0601213603731687,-1.2444933835023775,9.0,3.0,-1.0
605,-2.887054688265592,-2.068989165494467,0.0,-3.0,-3.0
606,-2.738190528927175,-4.281456653950278,0.0,-3.0,-3.0
607,-3.552525996481809,0.4173770999758084,3.0,-3.0,1.0
608,-0.7638577535722748,2.1888781577034333,6.0,-1.0,3.0
609,-1.2191381467927735,-2.162975706175108,5.0,-1.0,-1.0
610,-1.3049895853532931,1.739732956485542,7.0,-1.0,1.0
611,2.285020091465719,-0.48378529520903957,9.0,3.0,-1.0
612,-2.7180297343289395,-2.7674479613197485,0.0,-3.0,-3.0
613,-0.991701640155756,1.964871345767719,6.0,-1.0,3.0
614,-2.763591743269525,-2.165968865157236,1.0,-3.0,-1.0
615,-0.2678852206215768,1.8682669505485356,6.0,-1.0,3.0
616,3.066213583911331,-0.7478411260615826,9.0,3.0,-1.0
617,-2.1053672288313408,3.6424461413983438,2.0,-3.0,3.0
618,-0.24378247129778385,3.371908176590803,6.0,-1.0,3.0
619,0.005946963614911871,2.3700690032930156,6.0,-1.0,3.0
620,-0.48772173306979394,3.6401735614942203,6.0,-1.0,3.0
621,1.4536091660538075,1.4698524411290326,15.0,1.0,1.0
622,3.0657734914701193,-4.1734360853926304,8.0,3.0,-3.0
623,-0.1396432441766906,-0.8970851422533678,13.0,1.0,-1.0
624,-0.4356746271492967,-1.4848557706806724,5.0,-1.0,-1.0
625,-2.8169142856236853,1.4396362958355577,3.0,-3.0,1.0
626,2.092540013418236,-0.31091103837708367,13.0,1.0,-1.0
627,-1.7168520399855791,2.3408494723872275,2.0,-3.0,3.0
628,0.6223730440798174,-0.9225132460567143,13.0,1.0,-1.0
629,3.009801805603962,-1.8444544304306811,8.0,3.0,-3.0
630,-1.3552376716178367,-0.38117409693576476,5.0,-1.0,-1.0
631,0.2975669745638425,3.218682964390003,6.0,-1.0,3.0
632,-0.9859609903645558,3.213860539586018,6.0,-1.0,3.0
633,-0.7362328500989019,0.09869353848024409,7.0,-1.0,1.0
634,-1.8719751800221882,-1.533825965189123,5.0,-1.0,-1.0
635,1.5462815762713555,2.4627873468105337,14.0,1.0,3.0
636,-2.728910560357696,-1.167130200597148,1.0,-3.0,-1.0
637,-2.0783967682258235,-2.2957362034358813,5.0,-1.0,-1.0
638,2.952341038655668,3.5661590094056637,10.0,3.0,3.0
639,-2.7645352781581045,1.3764361234120002,3.0,-3.0,1.0
640,3.41081172522396,-0.5189805749407351,13.0,1.0,-1.0
641,0.7068640311884173,-3.7265737721810446,12.0,1.0,-3.0
642,-1.8151208248130117,-1.5052519916391907,5.0,-1.0,-1.0
643,3.0345158537765506,3.6910003211110034,10.0,3.0,3.0
644,2.8679433896613453,-1.3726482332113048,9.0,3.0,-1.0
645,0.2251488746752388,-3.0020501839616602,4.0,-1.0,-3.0
646,2.89546519603497,-2.8251165027711855,8.0,3.0,-3.0
647,-2.963433872995229,-0.551812653948311,1.0,-3.0,-1.0
648,-0.3232848524195012,-2.7007623451070546,4.0,-1.0,-3.0
649,0.5913582828938002,-0.22846645057317305,7.0,-1.0,1.0
650,-0.40470300946012894,-4.0914712814036625,12.0,1.0,-3.0
651,2.9507568456045448,-3.7116264090170605,8.0,3.0,-3.0
652,-2.7740061412727473,2.7005438299520415,2.0,-3.0,3.0
653,-1.7335938055302287,-4.521929140429304,0.0,-3.0,-3.0
654,-0.5524339667710818,1.4283314005894414,7.0,-1.0,1.0
655,-3.3968096416917954,-0.09572270831319962,1.0,-3.0,-1.0
656,0.25888325889810493,0.032339007302572886,13.0,1.0,-1.0
657,1.9736392969825114,0.013356659304437857,9.0,3.0,-1.0
658,3.478116183059122,3.8103005083975257,10.0,3.0,3.0
659,-3.3795635189540194,0.6386433276168142,3.0,-3.0,1.0
660,-0.3049046068286769,0.9389596575708268,7.0,-1.0,1.0
661,1.8144221708879125,-2.710619341729438,12.0,1.0,-3.0
662,-0.8658948716219683,1.1799349771923118,7.0,-1.0,1.0
663,4.519481079814533,0.551487605049929,11.0,3.0,1.0
664,-3.00117126080949,1.3157099377026835,3.0,-3.0,1.0
665,3.475109633956197,-3.9932110973092962,8.0,3.0,-3.0
666,0.45344466390344373,-0.5204021130742214,13.0,1.0,-1.0
667,3.150004493503713,3.6030086277382187,10.0,3.0,3.0
668,-2.996624599863513,-3.1193228487240723,0.0,-3.0,-3.0
669,-3.008953327087067,0.5298952794151564,1.0,-3.0,-1.0
670,1.492409590699564,1.985790895097581,15.0,1.0,1.0
671,1.9245859403955383,2.9617187048672515,14.0,1.0,3.0
672,0.7582922425334805,-2.2137245158683685,12.0,1.0,-3.0
673,0.9562211800635213,-2.6934136867952065,12.0,1.0,-3.0
674,0.5042132079442596,1.9686360815584056,14.0,1.0,3.0
675,-1.488681687345471,4.14484227630861,6.0,-1.0,3.0
676,1.9295407516081522,-1.913342306883982,8.0,3.0,-3.0
677,-2.763561578749698,-2.4457868281133623,0.0,-3.0,-3.0
678,1.052278646998248,1.74493169004985,15.0,1.0,1.0
679,-3.3518742833340363,-1.1814327360268844,1.0,-3.0,-1.0
680,-1.014769189869433,-3.2328498254187448,4.0,-1.0,-3.0
681,2.84498342127635,0.5479575880032203,11.0,3.0,1.0
682,-2.0985970993791314,1.5619325486173428,3.0,-3.0,1.0
683,-1.2737706108092408,2.518585707934922,6.0,-1.0,3.0
684,-0.07370852552910001,-0.8899760409678834,5.0,-1.0,-1.0
685,3.4208297209080687,-1.068509717597057,9.0,3.0,-1.0
686,-0.08213697395058361,-1.668195447788771,4.0,-1.0,-3.0
687,1.1942072951782698,1.9050007742951114,15.0,1.0,1.0
688,-1.1692284155853288,3.3291355947898897,6.0,-1.0,3.0
689,3.4169131215019894,3.6887870702810734,10.0,3.0,3.0
690,1.3027649481388408,-0.19129753622418622,13.0,1.0,-1.0
691,2.5110931211012506,-2.968164791036032,8.0,3.0,-3.0
692,1.333947166055799,-1.5773786437246344,13.0,1.0,-1.0
693,2.0850813517748907,0.9645625385227194,15.0,1.0,1.0
694,0.10799550488609766,1.2634451613740114,7.0,-1.0,1.0
695,0.3107123016448181,1.8414274852396846,15.0,1.0,1.0
696,3.5527838390392095,1.2606919465013788,11.0,3.0,1.0
697,-2.5714340371516973,-3.933246025014393,0.0,-3.0,-3.0
698,-2.0760755780028592,2.2647070760759345,2.0,-3.0,3.0
699,-2.0258702838198426,0.49638020318206544,3.0,-3.0,1.0
700,3.409571335827926,2.8583780011027073,10.0,3.0,3.0
701,3.343221387448785,3.4876971007635076,10.0,3.0,3.0
702,-1.1579567721883315,-3.953117578796562,4.0,-1.0,-3.0
703,-1.8393818294857975,1.802946271488662,6.0,-1.0,3.0
704,0.7665006383533837,-1.5888156827931925,13.0,1.0,-1.0
705,3.208022662788494,3.3366427108082037,10.0,3.0,3.0
706,0.6151082686941312,1.1447652418316507,15.0,1.0,1.0
707,2.3216485177761013,0.5434156790820577,11.0,3.0,1.0
708,1.935416674805328,-4.514118509451936,12.0,1.0,-3.0
709,-1.557578719673188,3.3187643600514765,2.0,-3.0,3.0
710,3.649616584131544,-2.9645604535738186,8.0,3.0,-3.0
711,1.474232291856345,3.4272263479990204,14.0,1.0,3.0
712,-1.6526057921511013,-2.3950568244345773,4.0,-1.0,-3.0
713,-0.01793994921343911,-1.6149860854060656,13.0,1.0,-1.0
714,-2.5458859536930394,3.6666418530914004,2.0,-3.0,3.0
715,1.25865827825664,-1.7691738323728998,13.0,1.0,-1.0
716,3.2729370377781613,-1.2373663844538394,9.0,3.0,-1.0
717,1.9226699717742883,3.5893334376573622,10.0,3.0,3.0
718,0.8704664362254985,0.7165603082261169,15.0,1.0,1.0
719,3.3389863274039344,-1.9115206362197448,8.0,3.0,-3.0
720,1.6147549310136755,-0.544241203776922,13.0,1.0,-1.0
721,2.5372834915706273,0.9306703773921867,11.0,3.0,1.0
722,-1.933558405075731,-3.309955579433936,0.0,-3.0,-3.0
723,0.7847027606805984,1.7297345392781174,15.0,1.0,1.0
724,-2.240048630556507,1.9306100714930374,2.0,-3.0,3.0
725,1.645121110643256,0.5781779599386364,11.0,3.0,1.0
726,3.574173895269561,2.267897337693492,10.0,3.0,3.0
727,-0.9472498796762714,2.3221167025701583,7.0,-1.0,1.0
728,0.205280437711024,-1.7483503549548085,4.0,-1.0,-3.0
729,3.0606020038684263,-2.0927954332676855,9.0,3.0,-1.0
730,2.0257512878597437,-1.7208085729062206,13.0,1.0,-1.0
731,-0.8166530169174219,1.1438915501393345,7.0,-1.0,1.0
732,-0.39079085100082656,1.8949129189689824,6.0,-1.0,3.0
733,3.1595088699184726,-0.25301113059372815,11.0,3.0,1.0
734,-1.9191437634812396,-0.6107400475163396,1.0,-3.0,-1.0
735,1.393136672035466,-3.6920624789215997,12.0,1.0,-3.0
736,3.828532263838027,2.984462937665029,10.0,3.0,3.0
737,2.0766554113828635,2.3224039075600507,10.0,3.0,3.0
738,-4.074060264837067,2.5007596312488563,2.0,-3.0,3.0
739,0.2750848757015113,2.4110757710277335,14.0,1.0,3.0
740,-1.3346545059130772,1.8237614565770748,6.0,-1.0,3.0
741,-0.18004985246532434,1.503100719234416,7.0,-1.0,1.0
742,3.2635079663784183,2.464765416261369,10.0,3.0,3.0
743,3.897744672088135,-2.4601138857161553,8.0,3.0,-3.0
744,-2.6577108421129054,-1.41999276404636,1.0,-3.0,-1.0
745,-1.5384525370896631,0.9826803099250282,7.0,-1.0,1.0
746,-2.0838217797479275,3.3472954833102064,6.0,-1.0,3.0
747,-2.0120187188057166,1.2375833410726613,3.0,-3.0,1.0
748,-3.5365995146998053,0.9904483501127037,3.0,-3.0,1.0
749,3.6402115669145374,-0.19083266204390592,9.0,3.0,-1.0
750,0.7262512756658933,0.6745391780780847,15.0,1.0,1.0
751,-1.2238497003585014,-0.41699292080608874,5.0,-1.0,-1.0
752,1.2792361239626229,3.7142840933969063,14.0,1.0,3.0
753,-3.134103829404296,0.40355416480400774,3.0,-3.0,1.0
754,-0.39053796841200894,2.3618686643421505,6.0,-1.0,3.0
755,-1.555777154119161,-0.8251341659095186,5.0,-1.0,-1.0
756,-1.497348800730197,-3.2133017907776646,4.0,-1.0,-3.0
757,-0.14626150939004656,1.0228770116329533,15.0,1.0,1.0
758,-2.8321339361938107,2.022434876914318,3.0,-3.0,1.0
759,1.0107092647811955,2.3623017141097336,14.0,1.0,3.0
760,1.2856874177329862,0.8232331828079585,15.0,1.0,1.0
761,1.8717206141956673,-3.436677588041955,12.0,1.0,-3.0
762,-1.4066183805178132,-0.3150125410918577,5.0,-1.0,-1.0
763,1.7695736022588864,-0.9262164733451669,13.0,1.0,-1.0
764,3.279953625999472,2.885254102401667,10.0,3.0,3.0
765,1.1589711501567828,-3.0632816464752364,12.0,1.0,-3.0
766,-3.3871690400824415,-3.3201097720921813,0.0,-3.0,-3.0
767,1.5544018019318226,3.3377416244290172,14.0,1.0,3.0
768,2.1119732250075707,-1.8020454739738967,9.0,3.0,-1.0
769,0.11478321667530211,2.152152099854014,14.0,1.0,3.0
770,-1.4643824494966622,-1.6913858775254793,1.0,-3.0,-1.0
771,3.739244950934116,-1.4230210700477806,9.0,3.0,-1.0
772,-1.9902787900488264,-1.9570628478475771,0.0,-3.0,-3.0
773,3.8921301464295825,3.2872142242762936,10.0,3.0,3.0
774,0.42486724247454777,0.43825757322156966,15.0,1.0,1.0
775,-2.5688428142924247,-1.6437372033754059,4.0,-1.0,-3.0
776,3.790164705472713,4.2422999586557655,10.0,3.0,3.0
777,1.665876694201008,-0.35840598109834065,9.0,3.0,-1.0
778,2.9947844206412295,2.294648093637832,10.0,3.0,3.0
779,0.34857377351994845,1.8997207782838108,15.0,1.0,1.0
780,1.3879270823627456,-0.15040522686130864,13.0,1.0,-1.0
781,2.7569735513443367,2.4253254915197395,10.0,3.0,3.0
782,0.45035654208628073,2.8453490135613757,14.0,1.0,3.0
783,-2.6749622673685454,0.5777213157524561,3.0,-3.0,1.0
784,-1.546223650399627,0.404597342417372,7.0,-1.0,1.0
785,-1.5663803844073976,1.3535232181909045,7.0,-1.0,1.0
786,-2.572114910795074,-1.6863409963824956,1.0,-3.0,-1.0
787,-0.26827775749769556,2.6068864508940943,14.0,1.0,3.0
788,3.9322685929230743,-3.3803151312408177,8.0,3.0,-3.0
789,0.6903400070790547,1.8792041221233742,15.0,1.0,1.0
790,2.483562148765884,3.8703910149609086,10.0,3.0,3.0
791,3.06737618442899,-2.9640621640143054,8.0,3.0,-3.0
792,-0.929906989428942,-0.4033538162576442,5.0,-1.0,-1.0
793,1.8375688448701046,0.17454960686531296,15.0,1.0,1.0
794,-1.1271838781849726,0.10179710832280087,7.0,-1.0,1.0
795,-3.185833630613199,3.622105157135489,2.0,-3.0,3.0
796,4.629145035980104,2.8939989754074644,10.0,3.0,3.0
797,-0.38949844229523634,2.84996644290976,14.0,1.0,3.0
798,1.4136375917095312,-0.07241405492709607,13.0,1.0,-1.0
799,2.746366235107434,-2.792087724404185,8.0,3.0,-3.0
800,2.9255572855316663,1.0472507420060215,11.0,3.0,1.0
801,-3.42100230784418,1.0480054371370446,3.0,-3.0,1.0
802,0.7690674871402081,0.20823844250881351,15.0,1.0,1.0
803,3.5927580203167855,3.7412178482764338,10.0,3.0,3.0
804,-0.850845128130485,1.047624154202831,7.0,-1.0,1.0
805,1.4524389268123374,-3.548901832137788,12.0,1.0,-3.0
806,0.9612930371971333,-0.8448032290548557,13.0,1.0,-1.0
807,-2.6297509602189164,0.9621824664927943,3.0,-3.0,1.0
808,1.4409881001159706,1.967966197791777,14.0,1.0,3.0
809,-1.6707938192778977,3.2259478389941134,6.0,-1.0,3.0
810,0.8859133733997261,-2.746782906189962,12.0,1.0,-3.0
811,0.7354560276370108,-3.027471185597561,12.0,1.0,-3.0
812,0.3354206889387894,-0.21683325427795697,13.0,1.0,-1.0
813,0.3284307930488991,-3.501923331859024,12.0,1.0,-3.0
814,0.80684607742151,1.415158536637627,15.0,1.0,1.0
815,2.7790529144153417,-2.2971502957461136,12.0,1.0,-3.0
816,-3.408143169706332,-3.2815305498389176,0.0,-3.0,-3.0
817,1.3714043307882549,1.315651704826572,15.0,1.0,1.0
818,-2.56146109157258,3.1544203571707605,2.0,-3.0,3.0
819,-0.1829927747273522,2.187027137428254,7.0,-1.0,1.0
820,-0.8656662845507707,3.050868334287351,6.0,-1.0,3.0
821,-1.2665530737924238,0.1797086001858762,7.0,-1.0,1.0
822,4.070994752242566,-2.4925477754855665,8.0,3.0,-3.0
823,1.9857981878650133,-1.7706420557964138,13.0,1.0,-1.0
824,3.391162139620905,1.083303094473098,11.0,3.0,1.0
825,1.2425824817738995,-0.9603020744857349,13.0,1.0,-1.0
826,-4.305991998701919,-1.4311326824480486,1.0,-3.0,-1.0
827,-0.39798797920499096,2.5010739885698534,6.0,-1.0,3.0
828,-2.0163977836876077,-3.2233199764947362,0.0,-3.0,-3.0
829,1.1373810929087884,-0.5143472800379967,13.0,1.0,-1.0
830,-1.9473816717426042,3.7215469772175505,6.0,-1.0,3.0
831,-2.9141127968156617,1.3171521302398166,3.0,-3.0,1.0
832,3.1198340729058893,-0.11812490659867869,11.0,3.0,1.0
833,-2.736396187465254,3.1293707275103566,2.0,-3.0,3.0
834,4.0759439915300835,0.18197815979776166,11.0,3.0,1.0
835,-2.0043222615288534,-1.2743595329484014,1.0,-3.0,-1.0
836,0.2797677589796026,3.2754775449206486,14.0,1.0,3.0
837,-0.510454002551141,-1.128922508204591,5.0,-1.0,-1.0
838,3.4791781401241293,-1.1655153597257768,9.0,3.0,-1.0
839,2.3678900289044478,2.310014030699306,10.0,3.0,3.0
840,-2.7206430699437845,-1.7115045086867253,0.0,-3.0,-3.0
841,-3.031662008042821,-2.9047082148034984,0.0,-3.0,-3.0
842,3.0389358419412904,-0.8704596441250358,9.0,3.0,-1.0
843,3.1034311033219324,-0.554669190027079,9.0,3.0,-1.0
844,3.577231444299919,-3.070324445238173,8.0,3.0,-3.0
845,-2.058651493889454,-0.9441205386101881,1.0,-3.0,-1.0
846,0.7639456566001369,3.2699949292032016,14.0,1.0,3.0
847,-0.3442419855951475,3.4167485230229944,6.0,-1.0,3.0
848,3.0888149891617003,-3.4606785753439233,8.0,3.0,-3.0
849,0.7604342869856872,-3.3959812603196693,12.0,1.0,-3.0
850,3.655318061576139,2.836550421298237,10.0,3.0,3.0
851,1.2838388532601965,0.14974332661510603,15.0,1.0,1.0
852,3.056718379464403,-0.9466527068947783,9.0,3.0,-1.0
853,2.6193234337030695,2.9660733894624887,10.0,3.0,3.0
854,-3.0485091171782415,1.3874685103376683,3.0,-3.0,1.0
855,0.6982505559923257,1.047428472115118,15.0,1.0,1.0
856,2.7372328143316005,0.5955055641397914,11.0,3.0,1.0
857,-3.2818923315605546,1.9377006824038983,3.0,-3.0,1.0
858,2.830546322053946,-2.2786041752556856,8.0,3.0,-3.0
859,2.499126220748801,-1.385829727969625,9.0,3.0,-1.0
860,-3.477713030844891,2.46407110699085,2.0,-3.0,3.0
861,-1.1218789837394643,-2.7730758853211355,4.0,-1.0,-3.0
862,-2.572246333152227,2.8389425965900768,2.0,-3.0,3.0
863,4.056072023142286,1.1740021994428527,11.0,3.0,1.0
864,-1.760528577521408,2.751796849982904,2.0,-3.0,3.0
865,1.143074903301114,0.2021381189553615,13.0,1.0,-1.0
866,-1.1348252332226538,2.7254515701133255,6.0,-1.0,3.0
867,-2.4660299903042087,3.278556044793447,2.0,-3.0,3.0
868,2.5597690664885975,-3.496788438909284,8.0,3.0,-3.0
869,-0.9497968534917391,1.327368949647823,15.0,1.0,1.0
870,2.3562724231038215,-0.3644806924252497,11.0,3.0,1.0
871,-2.875603342378269,-2.3210385783581664,0.0,-3.0,-3.0
872,-1.6448091921862242,-3.416653018168766,4.0,-1.0,-3.0
873,-4.839833620383624,1.4871013778364588,3.0,-3.0,1.0
874,3.437443825756611,1.119574246093316,11.0,3.0,1.0
875,1.8827317468240208,1.6524397332467393,11.0,3.0,1.0
876,1.3432641481295509,3.4700078382074846,14.0,1.0,3.0
877,0.3117470716960291,1.3723055276304674,15.0,1.0,1.0
878,4.903780961497339,-0.18591282544992171,9.0,3.0,-1.0
879,1.2146499351155693,2.966875781647439,14.0,1.0,3.0
880,1.6710154479223602,-1.7586845914284903,13.0,1.0,-1.0
881,-1.9828941649461205,2.2196857571084387,2.0,-3.0,3.0
882,-0.29190320286585736,0.1356618738049764,5.0,-1.0,-1.0
883,2.8737560981617234,3.6562497239226106,10.0,3.0,3.0
884,3.217178765743099,-3.4943558159113985,8.0,3.0,-3.0
885,-3.6850660190754816,0.4225356003235724,3.0,-3.0,1.0
886,-3.941876333470448,0.8473547079332681,3.0,-3.0,1.0
887,2.95473452309295,2.5412131154579853,10.0,3.0,3.0
888,-0.9955951661172588,-3.6064092711458553,4.0,-1.0,-3.0
889,-3.5950969499827083,-3.3326880017424836,0.0,-3.0,-3.0
890,1.1901978548718992,-3.025653224725233,12.0,1.0,-3.0
891,-3.3588103857414886,3.855195244436867,2.0,-3.0,3.0
892,-0.7288102381048418,-2.904413454461455,4.0,-1.0,-3.0
893,1.5678141243504125,-3.3469672488588498,12.0,1.0,-3.0
894,3.3785786921777596,-2.7092409172752276,8.0,3.0,-3.0
895,2.611756028388388,2.527100571267775,10.0,3.0,3.0
896,-4.444782376674973,1.730682290097439,2.0,-3.0,3.0
897,0.9377368251495733,-1.6158606338222576,12.0,1.0,-3.0
898,-0.6971205194230188,2.2330063601060446,7.0,-1.0,1.0
899,1.3118117104418034,2.574519267649231,14.0,1.0,3.0
900,-2.6056734671527804,-2.6860399188878747,0.0,-3.0,-3.0
901,-3.4830032724395155,-2.8331724752551732,0.0,-3.0,-3.0
902,-2.299948103144998,4.543252138970395,2.0,-3.0,3.0
903,-2.139969232664017,3.1401469328253584,2.0,-3.0,3.0
904,-0.44217164821520094,3.9582858289958542,14.0,1.0,3.0
905,2.820834151072626,-0.47473201535674525,9.0,3.0,-1.0
906,1.1889800535110315,-3.568463000097866,12.0,1.0,-3.0
907,0.17761352642185613,-3.3096373406708057,12.0,1.0,-3.0
908,-1.1936986024385883,0.49074319436053715,7.0,-1.0,1.0
909,-0.7938113011204492,0.7935499780475931,7.0,-1.0,1.0
910,2.854485044046963,-2.874858800530517,8.0,3.0,-3.0
911,-0.5651662076935253,-3.0371145303959692,12.0,1.0,-3.0
912,-3.127928383250339,-2.4756593789992234,0.0,-3.0,-3.0
913,0.9576611482644786,-3.165656870237389,12.0,1.0,-3.0
914,0.47566047059349204,2.375031880069182,14.0,1.0,3.0
915,2.878182632484142,-0.9061280740696943,9.0,3.0,-1.0
916,3.085172587556072,2.695893787541814,10.0,3.0,3.0
917,1.5206383643153425,0.9480257436891601,15.0,1.0,1.0
918,-2.5851012701455645,-2.930138242510596,0.0,-3.0,-3.0
919,2.541143742755164,-2.938352276227399,8.0,3.0,-3.0
920,-1.462302290982358,2.6095822745260406,6.0,-1.0,3.0
921,-4.133509474994459,-3.5950034257263326,0.0,-3.0,-3.0
922,1.1248757227826127,-3.039936564114277,12.0,1.0,-3.0
923,3.1759471237132537,-2.8831837542526877,8.0,3.0,-3.0
924,2.433500011512301,2.2327439566532963,10.0,3.0,3.0
925,0.929104037404865,3.2101550860881307,14.0,1.0,3.0
926,3.1841634938830454,-0.8331096756930843,9.0,3.0,-1.0
927,-1.1146579221134016,1.7215978429940342,7.0,-1.0,1.0
928,2.939957485385259,-3.678988710952976,8.0,3.0,-3.0
929,0.08116166787151857,-3.1647255628815296,12.0,1.0,-3.0
930,-1.6243064727233487,2.462151742148257,6.0,-1.0,3.0
931,-1.9106916636802025,1.4198765292597444,6.0,-1.0,3.0
932,-2.918421748850084,-2.40769779333637,0.0,-3.0,-3.0
933,-0.18464420156660322,1.0438698786724012,15.0,1.0,1.0
934,2.0209984546759294,3.1336596909822223,10.0,3.0,3.0
935,1.440991057983229,-0.13525044955940435,13.0,1.0,-1.0
936,0.3980497788174818,-3.038735120127753,12.0,1.0,-3.0
937,2.821507465525916,-2.2685110499535517,8.0,3.0,-3.0
938,-1.8513493029998231,-1.554836879391654,1.0,-3.0,-1.0
939,-0.4750566796708767,1.5295454734000227,7.0,-1.0,1.0
940,-2.1818195486515553,-3.966574287442411,0.0,-3.0,-3.0
941,2.9081783887958386,3.207183491286205,10.0,3.0,3.0
942,-2.942334090916117,-1.5215163618349723,0.0,-3.0,-3.0
943,-1.8208357317125166,-2.72047483030995,4.0,-1.0,-3.0
944,3.4471536445152755,1.0104258060210347,11.0,3.0,1.0
945,-2.3071696156471573,1.5455756609594133,2.0,-3.0,3.0
946,-2.9697823649479664,2.698231015524194,2.0,-3.0,3.0
947,3.2654887499233856,-2.2617786264746123,8.0,3.0,-3.0
948,-3.0131439876293977,1.6181377401917445,3.0,-3.0,1.0
949,1.4696563039955581,-1.6821009474333461,13.0,1.0,-1.0
950,-0.19508490927047728,-0.12868832504649685,5.0,-1.0,-1.0
951,0.053211121238501025,0.9129588483289737,15.0,1.0,1.0
952,-3.9238741853768646,1.116976852017756,3.0,-3.0,1.0
953,1.916412849486412,-2.604975455349022,8.0,3.0,-3.0
954,-1.9510121644811644,0.3330736371997749,1.0,-3.0,-1.0
955,-1.6657516335674396,1.0348787012444502,7.0,-1.0,1.0
956,-4.178157516673309,1.2141895103407911,3.0,-3.0,1.0
957,-0.24071552353092573,-3.5210235904701315,4.0,-1.0,-3.0
958,2.438757593081446,3.129838773441501,10.0,3.0,3.0
959,-3.9402437399045023,-0.7617855778200594,1.0,-3.0,-1.0
960,3.1757228358842404,3.212800083528529,10.0,3.0,3.0
961,0.33312083178517415,-2.7317201197119583,12.0,1.0,-3.0
962,0.5764178499619788,-0.16866044249841983,13.0,1.0,-1.0
963,0.1354231578844901,2.1128449319975156,14.0,1.0,3.0
964,-3.757368736928306,4.080796981193442,2.0,-3.0,3.0
965,-3.6341610523903802,0.47469808519470647,3.0,-3.0,1.0
966,0.1078895497982656,-2.941426657296409,12.0,1.0,-3.0
967,2.6126142611214163,2.1899842746745724,10.0,3.0,3.0
968,-2.110187969970635,3.3770452706600524,6.0,-1.0,3.0
969,-3.3836295482620837,-2.0546402389720413,1.0,-3.0,-1.0
970,-2.7138402921543276,3.358846285012913,2.0,-3.0,3.0
971,-0.4670806526382376,1.5116894339699218,14.0,1.0,3.0
972,-2.5206865359500745,2.1613208296767756,2.0,-3.0,3.0
973,0.1004527493673395,-2.4893021965576185,4.0,-1.0,-3.0
974,2.855187024901065,0.0034235915264413386,9.0,3.0,-1.0
975,2.239127778005429,0.995369101580901,11.0,3.0,1.0
976,-0.09654568347834047,2.417896022734152,14.0,1.0,3.0
977,-0.8933540714652018,1.0619257633178067,7.0,-1.0,1.0
978,-1.6973978334195803,-1.0956690704735872,1.0,-3.0,-1.0
979,-0.7330156444759302,-3.3356787131807484,4.0,-1.0,-3.0
980,2.568001837626939,1.4884286263791964,11.0,3.0,1.0
981,0.4757777555481313,0.06390984549920042,13.0,1.0,-1.0
982,2.9377639053867766,-3.602362300550925,8.0,3.0,-3.0
983,1.4544908062014166,-0.9797467911043614,13.0,1.0,-1.0
984,-2.544771965621221,-0.9621128044618042,1.0,-3.0,-1.0
985,-0.2155837603640891,3.3499924224771007,14.0,1.0,3.0
986,-1.184920887985107,-3.0356287879095025,4.0,-1.0,-3.0
987,2.373890145003734,1.7820749890108696,11.0,3.0,1.0
988,2.458778041948718,4.323351768230532,10.0,3.0,3.0
989,-1.3922629893881435,-2.6070874166877194,4.0,-1.0,-3.0
990,-3.8753716808543883,-0.5792441166820816,1.0,-3.0,-1.0
991,-0.2212035924374598,-1.3013424888878928,5.0,-1.0,-1.0
992,1.9519507519810135,-2.8149475810821443,12.0,1.0,-3.0
993,0.9971012734940826,-1.588006677484453,13.0,1.0,-1.0
994,-2.137148793412228,1.1112172771643325,7.0,-1.0,1.0
995,-0.4326522957744058,3.4210912583074866,6.0,-1.0,3.0
996,-1.1581053187334454,3.466756318950242,6.0,-1.0,3.0
997,1.4522827441776236,2.8278316161244708,14.0,1.0,3.0
998,-0.1211113004877461,-2.9519481561108747,4.0,-1.0,-3.0
999,-1.4347252829660404,-3.713169364661194,4.0,-1.0,-3.0
